{
  "name": "anythingzoomer",
  "title": "AnythingZoomer",
  "version": "2.2.8",
  "description": "Zoom in on images or content.",
  "author": {
    "name": "Chris Coyier",
    "url": "https://github.com/chriscoyier"
  },
  "maintainers": [
    {
      "name": "Rob Garrison",
      "url": "https://github.com/Mottie",
      "email": "wowmotty@gmail.com"
    }
  ],
  "licenses": [
    {
      "type": "MIT",
      "url": "http://www.opensource.org/licenses/mit-license.php"
    }
  ],
  "homepage": "https://css-tricks.com/anythingzoomer-jquery-plugin/",
  "bugs": "https://github.com/CSS-Tricks/AnythingZoomer/issues",
  "docs": "https://css-tricks.github.io/AnythingZoomer/use.html",
  "demo": "https://css-tricks.github.io/AnythingZoomer/",
  "dependencies": {
    "jquery": ">=1.3.2"
  },
  "keywords": [
    "customizable",
    "effects",
    "elements",
    "zooming"
  ],
  "files": [
    "dist/jquery.anythingzoomer.css",
    "dist/jquery.anythingzoomer.js",
    "dist/jquery.anythingzoomer.min.js"
  ]
}